Variant,Label,Combined_Features
c.53G>A,0,[-0.093812 -0.019915 -0.09018  ... -3.2      -3.5       4.5     ]
c.122C>T,0,[-0.093682 -0.019882 -0.089802 ... -3.2      -3.5       4.5     ]
c.125A>G,0,[-0.093665 -0.019773 -0.089421 ... -3.2      -3.5       4.5     ]
c.167A>C,0,[-0.093554 -0.020216 -0.089846 ... -3.2      -3.5       4.5     ]
c.223G>C,0,[-0.093246 -0.020114 -0.089317 ... -3.2      -3.5       4.5     ]
c.322A>C,0,[-0.093415 -0.019851 -0.089898 ... -3.2      -3.5       4.5     ]
c.440A>G,0,[-0.093557 -0.019891 -0.089816 ... -3.2      -3.5       4.5     ]
c.502C>A,0,[-0.093263 -0.019079 -0.09076  ... -3.2      -3.5       4.5     ]
c.831T>G,0,[-0.093774 -0.019688 -0.090334 ... -3.2      -3.5       4.5     ]
c.865_867,0,[-0.093505 -0.01982  -0.08983  ... -3.2      -3.5       4.5     ]
c.865A>C,0,[-0.093505 -0.01982  -0.08983  ... -3.2      -3.5       4.5     ]
c.964A>C,0,[-0.093465 -0.019817 -0.089962 ... -3.2      -3.5       4.5     ]
c.978C>A,0,[-0.09356  -0.019838 -0.090004 ... -3.2      -3.5       4.5     ]
c.1040A>G,0,[-0.093416 -0.019864 -0.089599 ... -3.2      -3.5       4.5     ]
c.1114A>C,0,[-0.093539 -0.019872 -0.089628 ... -3.2      -3.5       4.5     ]
c.1123C>T,0,[-0.093582 -0.019828 -0.090046 ... -3.2      -3.5       4.5     ]
c.1124C>T,0,[-0.093742 -0.019871 -0.090186 ... -3.2      -3.5       4.5     ]
c.1141G>A,0,[-0.093588 -0.019994 -0.089827 ... -3.2      -3.5       4.5     ]
c.1151C>T,0,[-0.09383  -0.019835 -0.090293 ... -3.2      -3.5       4.5     ]
c.1166C>A,0,[-0.093608 -0.019319 -0.090441 ... -3.2      -3.5       4.5     ]
c.1181A>C,0,[-0.093658 -0.019587 -0.09051  ... -3.2      -3.5       4.5     ]
c.1281C>G,0,[-0.093501 -0.019911 -0.089899 ... -3.2      -3.5       4.5     ]
c.1354C>A,0,[-0.093502 -0.02004  -0.089858 ... -3.2      -3.5       4.5     ]
c.1385A>G,0,[-0.093589 -0.019935 -0.090013 ... -3.2      -3.5       4.5     ]
c.1514T>C,0,[-0.093444 -0.020234 -0.089414 ... -3.2      -3.5       4.5     ]
c.1538A>G,0,[-0.093705 -0.019795 -0.089758 ... -3.2      -3.5       4.5     ]
c.1662T>G,0,[-0.092932 -0.019441 -0.091168 ... -3.2      -3.5       4.5     ]
c.1744A>C,0,[-0.093498 -0.020579 -0.088628 ... -3.2      -3.5       4.5     ]
c.1786G>C,0,[-0.093858 -0.01934  -0.090544 ... -3.2      -3.5       4.5     ]
c.1792A>G,0,[-0.093666 -0.019975 -0.090035 ... -3.2      -3.5       4.5     ]
c.1796C>T,0,[-0.094046 -0.019646 -0.090624 ... -3.2      -3.5       4.5     ]
c.1798T>C,0,[-0.09353  -0.019961 -0.089474 ... -3.2      -3.5       4.5     ]
c.1804G>A,0,[-0.093702 -0.019838 -0.089558 ... -3.2      -3.5       4.5     ]
c.1810A>G,0,[-0.093405 -0.020361 -0.090136 ... -3.2      -3.5       4.5     ]
c.1865C>T,0,[-0.093777 -0.019708 -0.089946 ... -3.2      -3.5       4.5     ]
c.1889C>T,0,[-0.0935   -0.01955  -0.090323 ... -3.2      -3.5       4.5     ]
c.1938C>A,0,[-0.093802 -0.019622 -0.089936 ... -3.2      -3.5       4.5     ]
c.1964C>G,0,[-0.09398  -0.019658 -0.090034 ... -3.2      -3.5       4.5     ]
c.2138A>T,0,[-0.093667 -0.0197   -0.090266 ... -3.2      -3.5       4.5     ]
c.2350A>G,0,[-0.093312 -0.020221 -0.089581 ... -3.2      -3.5       4.5     ]
c.2416G>C,0,[-0.093873 -0.019842 -0.089966 ... -3.2      -3.5       4.5     ]
c.2680G>A,0,[-0.09353  -0.019933 -0.089839 ... -3.2      -3.5       4.5     ]
c.2698A>G,0,[-0.093068 -0.019984 -0.089469 ... -3.2      -3.5       4.5     ]
c.2755G>A,0,[-0.093708 -0.02004  -0.089775 ... -3.2      -3.5       4.5     ]
c.2803G>A,0,[-0.093682 -0.020031 -0.089911 ... -3.2      -3.5       4.5     ]
c.2803G>C,0,[-0.093722 -0.019925 -0.089916 ... -3.2      -3.5       4.5     ]
c.2926T>A,0,[-0.093469 -0.019993 -0.089662 ... -3.2      -3.5       4.5     ]
c.2927C>T,0,[-0.093736 -0.01956  -0.090548 ... -3.2      -3.5       4.5     ]
c.2971A>G,0,[-0.093137 -0.020188 -0.089475 ... -3.2      -3.5       4.5     ]
c.2987T>G,0,[-0.093106 -0.020492 -0.089156 ... -3.2      -3.5       4.5     ]
c.3055C>G,0,[-0.093481 -0.02017  -0.089674 ... -3.2      -3.5       4.5     ]
c.3304A>T,0,[-0.093473 -0.020036 -0.089932 ... -3.2      -3.5       4.5     ]
c.3396A>C,0,[-0.093442 -0.020435 -0.089461 ... -3.2      -3.5       4.5     ]
c.3445A>G,0,[-0.093259 -0.02013  -0.089566 ... -3.2      -3.5       4.5     ]
c.3515C>T,0,[-0.093462 -0.020056 -0.089816 ... -3.2      -3.5       4.5     ]
c.3568C>T,0,[-0.093308 -0.020105 -0.090126 ... -3.2      -3.5       4.5     ]
c.3575T>G,0,[-0.093477 -0.019808 -0.08975  ... -3.2      -3.5       4.5     ]
c.3581G>A,0,[-0.09321  -0.020426 -0.089415 ... -3.2      -3.5       4.5     ]
c.3682A>G,0,[-0.093728 -0.020145 -0.089771 ... -3.2      -3.5       4.5     ]
c.3793T>A,0,[-0.093733 -0.019788 -0.090045 ... -3.2      -3.5       4.5     ]
c.3839A>T,0,[-0.093783 -0.019604 -0.089892 ... -3.2      -3.5       4.5     ]
c.3869G>A,0,[-0.093419 -0.01988  -0.090069 ... -3.2      -3.5       4.5     ]
c.3916G>A,0,[-0.093412 -0.020106 -0.089647 ... -3.2      -3.5       4.5     ]
c.4046T>C,0,[-0.09335  -0.020064 -0.089756 ... -3.2      -3.5       4.5     ]
c.4061C>T,0,[-0.094039 -0.0199   -0.090063 ... -3.2      -3.5       4.5     ]
c.4090A>C,0,[-0.093584 -0.019742 -0.090002 ... -3.2      -3.5       4.5     ]
c.4094G>A,0,[-0.093228 -0.019458 -0.090126 ... -3.2      -3.5       4.5     ]
c.4187A>G,0,[-0.093507 -0.020364 -0.089517 ... -3.2      -3.5       4.5     ]
c.4258G>T,0,[-0.093208 -0.019788 -0.090391 ... -3.2      -3.5       4.5     ]
c.4271C>G,0,[-0.093703 -0.02024  -0.089975 ... -3.2      -3.5       4.5     ]
c.4570T>G,0,[-0.093397 -0.020077 -0.089634 ... -3.2      -3.5       4.5     ]
c.4585G>A,0,[-0.093485 -0.019587 -0.089939 ... -3.2      -3.5       4.5     ]
c.4609G>A,0,[-0.09348  -0.019897 -0.089699 ... -3.2      -3.5       4.5     ]
c.4670C>G,0,[-0.093448 -0.019785 -0.090302 ... -3.2      -3.5       4.5     ]
c.4779A>C,0,[-0.093752 -0.020289 -0.089879 ... -3.2      -3.5       4.5     ]
c.5070A>C,0,[-0.093484 -0.020223 -0.08992  ... -3.2      -3.5       4.5     ]
c.5095G>A,0,[-0.093786 -0.01993  -0.09001  ... -3.2      -3.5       4.5     ]
c.5170A>G,0,[-0.093613 -0.019944 -0.089834 ... -3.2      -3.5       4.5     ]
c.5198C>T,0,[-0.093652 -0.020475 -0.089806 ... -3.2      -3.5       4.5     ]
c.5312G>A,0,[-0.093634 -0.019977 -0.089702 ... -3.2      -3.5       4.5     ]
c.5455C>T,0,[-0.093056 -0.02011  -0.089722 ... -3.2      -3.5       4.5     ]
c.5474C>T,0,[-0.093748 -0.019952 -0.089812 ... -3.2      -3.5       4.5     ]
c.5552T>G,0,[-0.093226 -0.019609 -0.090195 ... -3.2      -3.5       4.5     ]
c.5634C>G,0,[-0.093507 -0.019981 -0.089624 ... -3.2      -3.5       4.5     ]
c.5640T>G,0,[-0.093653 -0.019767 -0.089829 ... -3.2      -3.5       4.5     ]
c.5710C>G,0,[-0.093305 -0.020071 -0.089892 ... -3.2      -3.5       4.5     ]
c.5744C>A,0,[-0.093619 -0.020505 -0.089513 ... -3.2      -3.5       4.5     ]
c.5744C>T,0,[-0.093662 -0.020337 -0.089637 ... -3.2      -3.5       4.5     ]
c.5752C>T,0,[-0.093556 -0.020209 -0.089769 ... -3.2      -3.5       4.5     ]
c.5753A>G,0,[-0.093421 -0.020303 -0.089323 ... -3.2      -3.5       4.5     ]
c.5768A>C,0,[-0.093203 -0.019973 -0.089803 ... -3.2      -3.5       4.5     ]
c.5785A>G,0,[-0.093545 -0.020083 -0.089664 ... -3.2      -3.5       4.5     ]
c.5879G>A,0,[-0.09351  -0.01987  -0.090093 ... -3.2      -3.5       4.5     ]
c.6100C>T,0,[-0.093442 -0.020343 -0.089887 ... -3.2      -3.5       4.5     ]
c.6143A>T,0,[-0.093265 -0.019713 -0.089893 ... -3.2      -3.5       4.5     ]
c.6220C>A,0,[-0.093549 -0.02008  -0.089626 ... -3.2      -3.5       4.5     ]
c.6290C>T,0,[-0.093959 -0.020091 -0.089979 ... -3.2      -3.5       4.5     ]
c.6322C>T,0,[-0.093814 -0.020006 -0.089926 ... -3.2      -3.5       4.5     ]
c.6323G>A,0,[-0.093687 -0.019955 -0.090161 ... -3.2      -3.5       4.5     ]
c.6338A>G,0,[-0.093604 -0.019994 -0.089739 ... -3.2      -3.5       4.5     ]
c.6347A>G,0,[-0.093375 -0.020046 -0.089437 ... -3.2      -3.5       4.5     ]
c.6455C>A,0,[-0.093175 -0.01996  -0.090139 ... -3.2      -3.5       4.5     ]
c.6748A>G,0,[-0.093336 -0.020009 -0.089969 ... -3.2      -3.5       4.5     ]
c.6853A>G,0,[-0.093594 -0.020009 -0.089744 ... -3.2      -3.5       4.5     ]
c.6935A>T,0,[-0.093374 -0.019489 -0.090098 ... -3.2      -3.5       4.5     ]
c.6943A>T,0,[-0.09326  -0.01921  -0.090021 ... -3.2      -3.5       4.5     ]
c.6953G>A,0,[-0.09368  -0.019971 -0.08995  ... -3.2      -3.5       4.5     ]
c.7017G>C,0,[-0.093566 -0.020046 -0.089883 ... -3.2      -3.5       4.5     ]
c.7052C>G,0,[-0.093428 -0.020237 -0.089585 ... -3.2      -3.5       4.5     ]
c.7057G>C,0,[-0.093748 -0.019874 -0.089752 ... -3.2      -3.5       4.5     ]
c.7150C>A,0,[-0.093584 -0.020043 -0.089753 ... -3.2      -3.5       4.5     ]
c.7188G>T,0,[-0.093529 -0.020216 -0.089816 ... -3.2      -3.5       4.5     ]
c.7232A>C,0,[-0.093484 -0.0199   -0.089808 ... -3.2      -3.5       4.5     ]
c.7307A>T,0,[-0.093251 -0.019703 -0.089892 ... -3.2      -3.5       4.5     ]
c.7319A>G,0,[-0.093395 -0.020058 -0.089433 ... -3.2      -3.5       4.5     ]
c.7397T>C,0,[-0.09347  -0.020133 -0.089852 ... -3.2      -3.5       4.5     ]
c.7415A>C,0,[-0.093478 -0.019896 -0.089809 ... -3.2      -3.5       4.5     ]
c.7469T>C,0,[-0.093702 -0.020149 -0.089629 ... -3.2      -3.5       4.5     ]
c.7505G>A,0,[-0.093686 -0.019958 -0.090158 ... -3.2      -3.5       4.5     ]
c.7534C>T,0,[-0.093534 -0.020218 -0.089817 ... -3.2      -3.5       4.5     ]
c.7544C>T,0,[-0.093343 -0.019857 -0.08997  ... -3.2      -3.5       4.5     ]
c.7731A>T,0,[-0.093577 -0.02006  -0.089863 ... -3.2      -3.5       4.5     ]
c.7759C>T,0,[-0.093509 -0.020206 -0.089814 ... -3.2      -3.5       4.5     ]
c.7902G>A,0,[-0.092935 -0.019771 -0.08977  ... -3.2      -3.5       4.5     ]
c.7994A>G,0,[-0.093239 -0.019889 -0.089906 ... -3.2      -3.5       4.5     ]
c.8027T>C,0,[-0.093104 -0.019904 -0.089613 ... -3.2      -3.5       4.5     ]
c.8149G>T,0,[-0.093869 -0.020126 -0.089645 ... -3.2      -3.5       4.5     ]
c.8182G>A,0,[-0.093485 -0.019986 -0.089859 ... -3.2      -3.5       4.5     ]
c.8187G>T,0,[-0.093568 -0.02005  -0.089872 ... -3.2      -3.5       4.5     ]
c.8254A>G,0,[-0.093478 -0.019743 -0.089731 ... -3.2      -3.5       4.5     ]
c.8308G>A,0,[-0.093716 -0.019995 -0.089639 ... -3.2      -3.5       4.5     ]
c.8503T>C,0,[-0.093604 -0.02052  -0.089728 ... -3.2      -3.5       4.5     ]
c.8525G>A,0,[-0.09369  -0.019957 -0.090164 ... -3.2      -3.5       4.5     ]
c.8662C>T,0,[-0.093815 -0.020005 -0.089939 ... -3.2      -3.5       4.5     ]
c.8702G>A,0,[-0.093897 -0.020154 -0.089664 ... -3.2      -3.5       4.5     ]
c.8734G>A,0,[-0.093719 -0.019999 -0.089643 ... -3.2      -3.5       4.5     ]
c.8764A>G,0,[-0.093088 -0.020089 -0.089756 ... -3.2      -3.5       4.5     ]
c.8830A>T,0,[-0.093612 -0.020216 -0.089812 ... -3.2      -3.5       4.5     ]
c.8850G>C,0,[-0.09357  -0.020049 -0.089877 ... -3.2      -3.5       4.5     ]
c.8851G>A,0,[-0.093741 -0.020021 -0.089643 ... -3.2      -3.5       4.5     ]
c.8905G>A,0,[-0.094113 -0.020215 -0.089871 ... -3.2      -3.5       4.5     ]
c.8917C>T,0,[-0.093827 -0.020007 -0.089938 ... -3.2      -3.5       4.5     ]
c.8972G>A,0,[-0.093659 -0.019938 -0.090164 ... -3.2      -3.5       4.5     ]
c.9038C>T,0,[-0.093315 -0.019858 -0.089968 ... -3.2      -3.5       4.5     ]
c.9043A>G,0,[-0.093428 -0.020023 -0.089991 ... -3.2      -3.5       4.5     ]
c.9175A>G,0,[-0.093423 -0.020016 -0.089994 ... -3.2      -3.5       4.5     ]
c.9187C>T,0,[-0.093469 -0.019497 -0.08984  ... -3.2      -3.5       4.5     ]
c.9235G>A,0,[-0.093485 -0.019984 -0.089864 ... -3.2      -3.5       4.5     ]
c.9292T>C,0,[-0.093814 -0.019997 -0.08966  ... -3.2      -3.5       4.5     ]
c.9509A>G,0,[-0.093212 -0.019836 -0.08995  ... -3.2      -3.5       4.5     ]
c.9592T>C,0,[-0.093312 -0.019996 -0.089659 ... -3.2      -3.5       4.5     ]
c.9605C>T,0,[-0.093258 -0.019212 -0.09002  ... -3.2      -3.5       4.5     ]
c.9634G>C,0,[-0.093768 -0.019931 -0.089712 ... -3.2      -3.5       4.5     ]
c.9730G>A,0,[-0.093488 -0.019993 -0.08985  ... -3.2      -3.5       4.5     ]
c.9875C>T,0,[-0.093278 -0.019222 -0.090027 ... -3.2      -3.5       4.5     ]
c.10045A>G,0,[-0.093353 -0.020013 -0.089962 ... -3.2      -3.5       4.5     ]
c.10111A>G,0,[-0.093325 -0.01999  -0.089971 ... -3.2      -3.5       4.5     ]
c.10121C>T,0,[-0.093356 -0.019864 -0.089962 ... -3.2      -3.5       4.5     ]
c.10153C>T,0,[-0.093798 -0.019987 -0.089954 ... -3.2      -3.5       4.5     ]
c.10234A>G,0,[-0.093594 -0.020011 -0.089741 ... -3.2      -3.5       4.5     ]
c.1A>G,1,[-0.091638 -0.022498 -0.092143 ... -3.2      -3.5       4.5     ]
c.2T>A,1,[-0.091677 -0.021231 -0.092906 ... -3.2      -3.5       4.5     ]
c.2T>G,1,[-0.091235 -0.019598 -0.095459 ... -3.2      -3.5       4.5     ]
c.2T>C,1,[-0.091337 -0.021244 -0.093648 ... -3.2      -3.5       4.5     ]
c.3G>A,1,[-0.091561 -0.022837 -0.091509 ... -3.2      -3.5       4.5     ]
c.3G>T,1,[-0.091561 -0.022837 -0.091509 ... -3.2      -3.5       4.5     ]
c.67G>T,1,[-0.093526 -0.019486 -0.090658 ... -3.2      -3.5       4.5     ]
c.475G>A,1,[-0.093795 -0.020075 -0.089931 ... -3.2      -3.5       4.5     ]
c.517G>C,1,[-0.093643 -0.020014 -0.089302 ... -3.2      -3.5       4.5     ]
c.631G>A,1,[-0.093538 -0.019941 -0.089832 ... -3.2      -3.5       4.5     ]
c.631G>C,1,[-0.093761 -0.02     -0.089801 ... -3.2      -3.5       4.5     ]
c.691_692,1,[-0.093577 -0.019854 -0.089824 ... -3.2      -3.5       4.5     ]
c.5087G>T,1,[-0.093481 -0.019679 -0.089979 ... -3.2      -3.5       4.5     ]
c.5566_5567,1,[-0.093639 -0.020578 -0.08972  ... -3.2      -3.5       4.5     ]
c.7007G>T,1,[-0.093569 -0.01975  -0.09007  ... -3.2      -3.5       4.5     ]
c.7007G>C,1,[-0.093894 -0.020531 -0.089847 ... -3.2      -3.5       4.5     ]
c.7007G>A,1,[-0.093718 -0.019967 -0.090163 ... -3.2      -3.5       4.5     ]
c.7220_7221,1,[-0.093615 -0.02027  -0.089864 ... -3.2      -3.5       4.5     ]
c.7529T>C,1,[-0.093842 -0.020788 -0.089576 ... -3.2      -3.5       4.5     ]
c.7805G>C,1,[-0.093626 -0.019879 -0.089921 ... -3.2      -3.5       4.5     ]
c.7826G>T,1,[-0.0937   -0.019659 -0.08994  ... -3.2      -3.5       4.5     ]
c.7855T>G,1,[-0.093351 -0.020363 -0.089614 ... -3.2      -3.5       4.5     ]
c.7868A>G,1,[-0.093421 -0.020069 -0.089428 ... -3.2      -3.5       4.5     ]
c.7870T>G,1,[-0.093539 -0.020004 -0.089799 ... -3.2      -3.5       4.5     ]
c.7876T>C,1,[-0.094295 -0.020442 -0.089528 ... -3.2      -3.5       4.5     ]
c.7876T>A,1,[-0.094295 -0.020442 -0.089528 ... -3.2      -3.5       4.5     ]
c.7878G>T,1,[-0.093658 -0.020024 -0.089826 ... -3.2      -3.5       4.5     ]
c.7878G>C,1,[-0.094535 -0.02042  -0.089677 ... -3.2      -3.5       4.5     ]
c.7879A>T,1,[-0.093612 -0.020213 -0.089815 ... -3.2      -3.5       4.5     ]
c.7940T>C,1,[-0.093856 -0.0208   -0.089572 ... -3.2      -3.5       4.5     ]
c.7958T>C,1,[-0.093858 -0.020798 -0.089579 ... -3.2      -3.5       4.5     ]
c.7964A>G,1,[-0.093416 -0.020042 -0.089642 ... -3.2      -3.5       4.5     ]
c.7975A>G,1,[-0.093322 -0.020062 -0.08993  ... -3.2      -3.5       4.5     ]
c.7976G>C,1,[-0.093595 -0.019841 -0.089967 ... -3.2      -3.5       4.5     ]
c.7976G>A,1,[-0.093675 -0.019968 -0.089937 ... -3.2      -3.5       4.5     ]
c.7978T>G,1,[-0.093781 -0.020277 -0.089257 ... -3.2      -3.5       4.5     ]
c.7987G>A,1,[-0.093645 -0.019978 -0.089607 ... -3.2      -3.5       4.5     ]
c.7988A>T,1,[-0.093473 -0.019729 -0.089725 ... -3.2      -3.5       4.5     ]
c.8009C>T,1,[-0.093301 -0.019724 -0.089971 ... -3.2      -3.5       4.5     ]
c.8023A>G,1,[-0.093596 -0.020013 -0.089742 ... -3.2      -3.5       4.5     ]
c.8057T>C,1,[-0.093838 -0.020791 -0.089573 ... -3.2      -3.5       4.5     ]
c.8063T>C,1,[-0.093831 -0.020791 -0.08957  ... -3.2      -3.5       4.5     ]
c.8165C>A,1,[-0.093596 -0.020118 -0.089805 ... -3.2      -3.5       4.5     ]
c.8165C>G,1,[-0.093443 -0.020121 -0.089697 ... -3.2      -3.5       4.5     ]
c.8167G>C,1,[-0.093565 -0.019728 -0.090195 ... -3.2      -3.5       4.5     ]
c.8168A>T,1,[-0.093355 -0.019502 -0.090082 ... -3.2      -3.5       4.5     ]
c.8168A>C,1,[-0.093297 -0.019619 -0.090143 ... -3.2      -3.5       4.5     ]
c.8168A>G,1,[-0.093223 -0.019859 -0.089932 ... -3.2      -3.5       4.5     ]
c.8177A>G,1,[-0.093934 -0.020025 -0.089449 ... -3.2      -3.5       4.5     ]
c.8188G>C,1,[-0.093948 -0.020653 -0.089568 ... -3.2      -3.5       4.5     ]
c.8242G>A,1,[-0.093984 -0.019927 -0.089849 ... -3.2      -3.5       4.5     ]
c.8243G>A,1,[-0.09385  -0.02014  -0.089665 ... -3.2      -3.5       4.5     ]
c.8350C>T,1,[-0.092855 -0.019634 -0.090029 ... -3.2      -3.5       4.5     ]
c.8377G>A,1,[-0.093756 -0.019909 -0.089727 ... -3.2      -3.5       4.5     ]
c.8378G>A,1,[-0.0938   -0.019918 -0.09003  ... -3.2      -3.5       4.5     ]
c.8486A>G,1,[-0.093419 -0.020052 -0.089639 ... -3.2      -3.5       4.5     ]
c.8632G>A,1,[-0.093671 -0.020003 -0.089607 ... -3.2      -3.5       4.5     ]
c.9004G>A,1,[-0.093652 -0.019983 -0.089606 ... -3.2      -3.5       4.5     ]
c.9082G>C,1,[-0.093949 -0.020644 -0.089576 ... -3.2      -3.5       4.5     ]
c.9154C>T,1,[-0.092839 -0.019626 -0.090022 ... -3.2      -3.5       4.5     ]
c.9227G>T,1,[-0.093734 -0.019652 -0.089958 ... -3.2      -3.5       4.5     ]
c.9227G>A,1,[-0.093798 -0.019926 -0.090024 ... -3.2      -3.5       4.5     ]
c.9254_9255,1,[-0.093379 -0.019871 -0.089964 ... -3.2      -3.5       4.5     ]
c.9284A>G,1,[-0.093191 -0.019851 -0.089934 ... -3.2      -3.5       4.5     ]
c.9285C>A,1,[-0.093435 -0.01976  -0.090167 ... -3.2      -3.5       4.5     ]
c.9285C>G,1,[-0.093435 -0.01976  -0.090167 ... -3.2      -3.5       4.5     ]
c.9302T>G,1,[-0.093528 -0.020268 -0.089526 ... -3.2      -3.5       4.5     ]
c.9371A>T,1,[-0.093272 -0.019709 -0.089892 ... -3.2      -3.5       4.5     ]
